{"RuleTriggered": 5, "Violations": 5, "Details": {"algo-1": {"cpu": {"p25": 42.491249999999994, "p50": 48.060625, "p75": 51.863437499999996, "p95": 63.08450000000001, "upper": 65.92171875, "lower": 28.43296874999999}, "gpu0": {"p25": 0.0, "p50": 0.0, "p75": 0.0, "p95": 32.79999999999973, "upper": 0.0, "lower": 0.0}, "gpu0_memory": {"p25": 0.0, "p50": 0.0, "p75": 0.0, "p95": 27.899999999999864, "upper": 0.0, "lower": 0.0}}, "last_timestamp": 1646359440000000}, "Datapoints": 1482, "RuleParameters": "cpu_threshold_p95:70\ngpu_threshold_p95:70\ngpu_memory_threshold_p95:70\npatience:1000\nwindow:500"}