{"RuleTriggered": 0, "Violations": 0, "Details": {"pin_memory": false, "num_workers": 0, "cores": 4, "dataloaders": 1, "dataloading_time": {"p25": 0.30812825, "p50": 0.3600565, "p95": 0.5981701499999996, "probs": [2, 0, 0, 0, 0, 0, 0, 1, 0, 0, 0, 1, 0, 0, 0, 0, 0, 0, 1, 0, 0, 1, 0, 1, 0, 0, 0, 0, 0, 0, 0, 1, 0, 0, 0, 1, 0, 0, 0, 0, 0, 0, 0, 0, 0, 0, 0, 0, 0, 0, 0, 0, 0, 0, 0, 0, 0, 0, 0, 0, 0, 0, 0, 0, 0, 0, 0, 0, 0, 0, 0, 0, 0, 0, 0, 0, 0, 0, 0, 0, 0, 0, 0, 0, 0, 0, 0, 0, 0, 0, 0, 0, 0, 0, 0, 0, 0, 0, 0, 1], "binedges": [0.268587, 0.27322083, 0.27785466000000003, 0.28248849000000004, 0.28712232000000004, 0.29175615, 0.29638998, 0.30102381, 0.30565764, 0.31029147, 0.3149253, 0.31955913, 0.32419296000000003, 0.32882679000000004, 0.33346062000000004, 0.33809445000000005, 0.34272828, 0.34736211000000006, 0.35199594, 0.35662977, 0.3612636, 0.36589743, 0.37053126000000003, 0.37516509000000003, 0.37979892000000004, 0.38443275000000005, 0.38906658000000005, 0.39370041, 0.39833424000000006, 0.40296807, 0.4076019, 0.41223573, 0.41686956000000003, 0.42150339000000003, 0.42613722000000004, 0.43077105000000004, 0.43540488, 0.44003871000000006, 0.44467254, 0.44930637000000007, 0.4539402, 0.45857403, 0.46320786, 0.46784169000000003, 0.47247552000000004, 0.47710935000000004, 0.48174318000000005, 0.48637701, 0.49101084000000006, 0.49564467, 0.5002785000000001, 0.50491233, 0.50954616, 0.51417999, 0.5188138200000001, 0.52344765, 0.52808148, 0.53271531, 0.5373491400000001, 0.5419829700000001, 0.5466168, 0.55125063, 0.55588446, 0.5605182900000001, 0.56515212, 0.56978595, 0.57441978, 0.5790536100000001, 0.5836874400000001, 0.58832127, 0.5929551, 0.59758893, 0.6022227600000001, 0.60685659, 0.61149042, 0.61612425, 0.6207580800000001, 0.62539191, 0.63002574, 0.6346595700000001, 0.6392934, 0.6439272300000001, 0.64856106, 0.65319489, 0.65782872, 0.6624625500000001, 0.66709638, 0.67173021, 0.67636404, 0.6809978700000001, 0.6856317000000001, 0.69026553, 0.69489936, 0.69953319, 0.7041670200000001, 0.70880085, 0.71343468, 0.71806851, 0.7227023400000001, 0.7273361700000001, 0.73197]}}, "Datapoints": 10, "RuleParameters": "min_threshold:70\nmax_threshold:200"}