{"RuleTriggered": 1, "Violations": 1, "Details": {"pin_memory": false, "num_workers": 0, "cores": 8, "dataloaders": 1, "dataloading_time": {"p25": 2.853962, "p50": 3.019649, "p95": 3.773596, "probs": [2, 0, 0, 0, 0, 0, 0, 0, 0, 0, 0, 0, 0, 0, 0, 0, 0, 1, 0, 0, 0, 0, 0, 1, 0, 1, 0, 0, 0, 0, 0, 0, 0, 1, 0, 0, 0, 1, 0, 0, 0, 0, 0, 0, 0, 1, 0, 0, 0, 0, 0, 0, 0, 0, 0, 0, 0, 0, 0, 0, 0, 0, 0, 0, 0, 0, 0, 0, 0, 0, 0, 0, 0, 0, 0, 1, 0, 0, 0, 0, 0, 0, 0, 0, 0, 0, 1, 0, 0, 0, 0, 0, 0, 0, 0, 0, 0, 0, 0, 1], "binedges": [2.59534, 2.6079899500000003, 2.6206399, 2.63328985, 2.6459398000000003, 2.65858975, 2.6712397, 2.6838896500000002, 2.6965396000000004, 2.70918955, 2.7218395, 2.7344894500000003, 2.7471394, 2.75978935, 2.7724393000000003, 2.7850892500000004, 2.7977392, 2.8103891500000002, 2.8230391000000004, 2.83568905, 2.848339, 2.8609889500000003, 2.8736389, 2.88628885, 2.8989388000000003, 2.91158875, 2.9242387, 2.93688865, 2.9495386000000003, 2.96218855, 2.9748385, 2.9874884500000003, 3.0001384, 3.01278835, 3.0254383000000002, 3.0380882500000004, 3.0507382, 3.06338815, 3.0760381000000003, 3.08868805, 3.101338, 3.1139879500000003, 3.1266379, 3.13928785, 3.1519378000000002, 3.16458775, 3.1772377, 3.18988765, 3.2025376000000003, 3.21518755, 3.2278375, 3.2404874500000003, 3.2531374, 3.26578735, 3.2784373, 3.2910872500000004, 3.3037372, 3.31638715, 3.3290371, 3.34168705, 3.354337, 3.3669869500000003, 3.3796369, 3.39228685, 3.4049368, 3.41758675, 3.4302367, 3.44288665, 3.4555366000000003, 3.46818655, 3.4808365, 3.4934864500000002, 3.5061364, 3.51878635, 3.5314363, 3.5440862500000003, 3.5567362, 3.56938615, 3.5820361, 3.59468605, 3.607336, 3.6199859500000002, 3.6326359000000004, 3.64528585, 3.6579357999999997, 3.67058575, 3.6832357, 3.69588565, 3.7085356000000003, 3.72118555, 3.7338355, 3.7464854499999998, 3.7591354, 3.77178535, 3.7844353, 3.7970852500000003, 3.8097352, 3.82238515, 3.8350351, 3.84768505, 3.860335]}}, "Datapoints": 11, "RuleParameters": "min_threshold:70\nmax_threshold:200"}