{"RuleTriggered": 0, "Violations": 102, "Details": {"low_gpu_utilization": 1623, "bottlenecks": {"1646241367.734156": {"GPUs": 1, "CPUs": 1}, "1646241368.233422": {"GPUs": 1, "CPUs": 2}, "1646241368.733423": {"GPUs": 1, "CPUs": 2}, "1646241369.233419": {"GPUs": 1, "CPUs": 2}, "1646241379.733421": {"GPUs": 1, "CPUs": 1}, "1646241380.233409": {"GPUs": 1, "CPUs": 1}, "1646241380.733409": {"GPUs": 1, "CPUs": 1}, "1646241381.233418": {"GPUs": 1, "CPUs": 1}, "1646241381.733429": {"GPUs": 1, "CPUs": 1}, "1646241387.23338": {"GPUs": 1, "CPUs": 2}, "1646241387.733419": {"GPUs": 1, "CPUs": 2}, "1646241388.233498": {"GPUs": 1, "CPUs": 2}, "1646241394.233439": {"GPUs": 1, "CPUs": 1}, "1646241394.733428": {"GPUs": 1, "CPUs": 2}, "1646241395.233414": {"GPUs": 1, "CPUs": 2}, "1646241395.733421": {"GPUs": 1, "CPUs": 2}, "1646241396.233419": {"GPUs": 1, "CPUs": 2}, "1646241398.73341": {"GPUs": 1, "CPUs": 1}, "1646241399.23342": {"GPUs": 1, "CPUs": 2}, "1646241399.733466": {"GPUs": 1, "CPUs": 2}, "1646241400.233418": {"GPUs": 1, "CPUs": 2}, "1646241400.733428": {"GPUs": 1, "CPUs": 2}, "1646241401.23345": {"GPUs": 1, "CPUs": 3}, "1646241401.733412": {"GPUs": 1, "CPUs": 2}, "1646241402.233418": {"GPUs": 1, "CPUs": 2}, "1646241402.733422": {"GPUs": 1, "CPUs": 2}, "1646241403.233434": {"GPUs": 1, "CPUs": 2}, "1646241403.733431": {"GPUs": 1, "CPUs": 2}, "1646241405.733404": {"GPUs": 1, "CPUs": 1}, "1646241406.233421": {"GPUs": 1, "CPUs": 1}, "1646241412.733407": {"GPUs": 1, "CPUs": 2}, "1646241413.23343": {"GPUs": 1, "CPUs": 1}, "1646241413.733407": {"GPUs": 1, "CPUs": 2}, "1646241414.233433": {"GPUs": 1, "CPUs": 2}, "1646241414.733422": {"GPUs": 1, "CPUs": 1}, "1646241415.23341": {"GPUs": 1, "CPUs": 2}, "1646241433.733445": {"GPUs": 1, "CPUs": 2}, "1646241434.733447": {"GPUs": 1, "CPUs": 2}, "1646241435.233426": {"GPUs": 1, "CPUs": 2}, "1646241435.73342": {"GPUs": 1, "CPUs": 2}, "1646241436.233438": {"GPUs": 1, "CPUs": 2}, "1646241436.734165": {"GPUs": 1, "CPUs": 2}, "1646241437.233429": {"GPUs": 1, "CPUs": 3}, "1646241437.733441": {"GPUs": 1, "CPUs": 2}, "1646241438.233419": {"GPUs": 1, "CPUs": 3}, "1646241438.733433": {"GPUs": 1, "CPUs": 3}, "1646241439.233407": {"GPUs": 1, "CPUs": 3}, "1646241439.733455": {"GPUs": 1, "CPUs": 2}, "1646241440.233413": {"GPUs": 1, "CPUs": 2}, "1646241440.733427": {"GPUs": 1, "CPUs": 3}, "1646241441.233465": {"GPUs": 1, "CPUs": 1}, "1646241447.733423": {"GPUs": 1, "CPUs": 2}, "1646241448.23344": {"GPUs": 1, "CPUs": 3}, "1646241448.733413": {"GPUs": 1, "CPUs": 2}, "1646241449.23341": {"GPUs": 1, "CPUs": 2}, "1646241449.73344": {"GPUs": 1, "CPUs": 2}, "1646241450.233425": {"GPUs": 1, "CPUs": 2}, "1646241453.733415": {"GPUs": 1, "CPUs": 1}, "1646241454.23344": {"GPUs": 1, "CPUs": 2}, "1646241454.733396": {"GPUs": 1, "CPUs": 2}, "1646241455.233444": {"GPUs": 1, "CPUs": 2}, "1646241455.73341": {"GPUs": 1, "CPUs": 3}, "1646241456.233434": {"GPUs": 1, "CPUs": 2}, "1646241456.733409": {"GPUs": 1, "CPUs": 1}, "1646241460.73341": {"GPUs": 1, "CPUs": 2}, "1646241467.733431": {"GPUs": 1, "CPUs": 3}, "1646241468.233426": {"GPUs": 1, "CPUs": 1}, "1646241468.733406": {"GPUs": 1, "CPUs": 1}, "1646241469.233491": {"GPUs": 1, "CPUs": 1}, "1646241481.233379": {"GPUs": 1, "CPUs": 3}, "1646241481.733421": {"GPUs": 1, "CPUs": 3}, "1646241482.233449": {"GPUs": 1, "CPUs": 4}, "1646241482.733441": {"GPUs": 1, "CPUs": 4}, "1646241483.233409": {"GPUs": 1, "CPUs": 4}, "1646241483.73343": {"GPUs": 1, "CPUs": 4}, "1646241484.233426": {"GPUs": 1, "CPUs": 4}, "1646241484.73342": {"GPUs": 1, "CPUs": 4}, "1646241485.233437": {"GPUs": 1, "CPUs": 4}, "1646241485.733431": {"GPUs": 1, "CPUs": 4}, "1646241486.233407": {"GPUs": 1, "CPUs": 4}, "1646241486.733424": {"GPUs": 1, "CPUs": 4}, "1646241487.233423": {"GPUs": 1, "CPUs": 4}, "1646241487.733424": {"GPUs": 1, "CPUs": 4}, "1646241488.23341": {"GPUs": 1, "CPUs": 4}, "1646241488.733418": {"GPUs": 1, "CPUs": 4}, "1646241489.233414": {"GPUs": 1, "CPUs": 4}, "1646241489.733425": {"GPUs": 1, "CPUs": 4}, "1646241490.233422": {"GPUs": 1, "CPUs": 4}, "1646241490.733418": {"GPUs": 1, "CPUs": 4}, "1646241491.233446": {"GPUs": 1, "CPUs": 4}, "1646241499.233406": {"GPUs": 1, "CPUs": 2}, "1646241499.733418": {"GPUs": 1, "CPUs": 3}, "1646241500.233446": {"GPUs": 1, "CPUs": 2}, "1646241500.733415": {"GPUs": 1, "CPUs": 1}, "1646241501.233418": {"GPUs": 1, "CPUs": 2}, "1646241501.733418": {"GPUs": 1, "CPUs": 1}, "1646241502.23342": {"GPUs": 1, "CPUs": 1}, "1646241506.733452": {"GPUs": 1, "CPUs": 1}, "1646241507.233407": {"GPUs": 1, "CPUs": 2}, "1646241512.233428": {"GPUs": 1, "CPUs": 1}, "1646241512.73344": {"GPUs": 1, "CPUs": 2}, "1646241529.233439": {"GPUs": 1, "CPUs": 1}}}, "Datapoints": 1628, "RuleParameters": "threshold:50\nio_threshold:50\ngpu_threshold:10\npatience:1000"}