{"RuleTriggered": 0, "Violations": 180, "Details": {"low_gpu_utilization": 1365, "bottlenecks": {"1646359480.822392": {"GPUs": 1, "CPUs": 1}, "1646359482.32244": {"GPUs": 1, "CPUs": 1}, "1646359547.32239": {"GPUs": 1, "CPUs": 1}, "1646359548.822357": {"GPUs": 1, "CPUs": 1}, "1646359552.322397": {"GPUs": 1, "CPUs": 1}, "1646359552.823322": {"GPUs": 1, "CPUs": 1}, "1646359553.822411": {"GPUs": 1, "CPUs": 1}, "1646359554.322367": {"GPUs": 1, "CPUs": 1}, "1646359554.822399": {"GPUs": 1, "CPUs": 1}, "1646359556.322362": {"GPUs": 1, "CPUs": 1}, "1646359556.822373": {"GPUs": 1, "CPUs": 1}, "1646359557.322376": {"GPUs": 1, "CPUs": 1}, "1646359557.822385": {"GPUs": 1, "CPUs": 1}, "1646359558.322401": {"GPUs": 1, "CPUs": 1}, "1646359558.822373": {"GPUs": 1, "CPUs": 1}, "1646359572.822378": {"GPUs": 1, "CPUs": 1}, "1646359573.322408": {"GPUs": 1, "CPUs": 1}, "1646359574.322468": {"GPUs": 1, "CPUs": 1}, "1646359574.822369": {"GPUs": 1, "CPUs": 1}, "1646359575.322374": {"GPUs": 1, "CPUs": 1}, "1646359579.822337": {"GPUs": 1, "CPUs": 1}, "1646359580.322386": {"GPUs": 1, "CPUs": 1}, "1646359580.82237": {"GPUs": 1, "CPUs": 1}, "1646359581.322375": {"GPUs": 1, "CPUs": 1}, "1646359581.822385": {"GPUs": 1, "CPUs": 1}, "1646359582.32238": {"GPUs": 1, "CPUs": 1}, "1646359582.822388": {"GPUs": 1, "CPUs": 2}, "1646359583.322376": {"GPUs": 1, "CPUs": 2}, "1646359583.822383": {"GPUs": 1, "CPUs": 1}, "1646359584.322344": {"GPUs": 1, "CPUs": 2}, "1646359584.822379": {"GPUs": 1, "CPUs": 1}, "1646359585.822384": {"GPUs": 1, "CPUs": 1}, "1646359586.322385": {"GPUs": 1, "CPUs": 2}, "1646359586.822383": {"GPUs": 1, "CPUs": 2}, "1646359587.322375": {"GPUs": 1, "CPUs": 2}, "1646359587.822366": {"GPUs": 1, "CPUs": 2}, "1646359588.322369": {"GPUs": 1, "CPUs": 2}, "1646359588.822355": {"GPUs": 1, "CPUs": 2}, "1646359589.322367": {"GPUs": 1, "CPUs": 2}, "1646359589.822372": {"GPUs": 1, "CPUs": 2}, "1646359590.322366": {"GPUs": 1, "CPUs": 2}, "1646359590.822374": {"GPUs": 1, "CPUs": 3}, "1646359591.322365": {"GPUs": 1, "CPUs": 3}, "1646359591.822391": {"GPUs": 1, "CPUs": 3}, "1646359592.322381": {"GPUs": 1, "CPUs": 4}, "1646359592.822379": {"GPUs": 1, "CPUs": 4}, "1646359593.322389": {"GPUs": 1, "CPUs": 1}, "1646359593.822366": {"GPUs": 1, "CPUs": 3}, "1646359597.322375": {"GPUs": 1, "CPUs": 1}, "1646359597.822381": {"GPUs": 1, "CPUs": 2}, "1646359598.322411": {"GPUs": 1, "CPUs": 2}, "1646359598.822333": {"GPUs": 1, "CPUs": 2}, "1646359599.322368": {"GPUs": 1, "CPUs": 2}, "1646359599.822381": {"GPUs": 1, "CPUs": 3}, "1646359600.322376": {"GPUs": 1, "CPUs": 2}, "1646359600.822372": {"GPUs": 1, "CPUs": 3}, "1646359601.322404": {"GPUs": 1, "CPUs": 2}, "1646359601.822388": {"GPUs": 1, "CPUs": 3}, "1646359602.32238": {"GPUs": 1, "CPUs": 3}, "1646359602.822368": {"GPUs": 1, "CPUs": 2}, "1646359603.32238": {"GPUs": 1, "CPUs": 2}, "1646359603.822369": {"GPUs": 1, "CPUs": 2}, "1646359604.322371": {"GPUs": 1, "CPUs": 2}, "1646359604.822374": {"GPUs": 1, "CPUs": 2}, "1646359605.322379": {"GPUs": 1, "CPUs": 2}, "1646359605.822374": {"GPUs": 1, "CPUs": 2}, "1646359606.322369": {"GPUs": 1, "CPUs": 2}, "1646359606.822417": {"GPUs": 1, "CPUs": 2}, "1646359607.322373": {"GPUs": 1, "CPUs": 3}, "1646359607.822372": {"GPUs": 1, "CPUs": 3}, "1646359608.322372": {"GPUs": 1, "CPUs": 3}, "1646359608.822388": {"GPUs": 1, "CPUs": 3}, "1646359609.322361": {"GPUs": 1, "CPUs": 1}, "1646359609.822376": {"GPUs": 1, "CPUs": 2}, "1646359610.32241": {"GPUs": 1, "CPUs": 2}, "1646359610.822381": {"GPUs": 1, "CPUs": 3}, "1646359611.32239": {"GPUs": 1, "CPUs": 3}, "1646359611.822391": {"GPUs": 1, "CPUs": 4}, "1646359612.322399": {"GPUs": 1, "CPUs": 4}, "1646359612.822384": {"GPUs": 1, "CPUs": 4}, "1646359613.322398": {"GPUs": 1, "CPUs": 2}, "1646359613.822362": {"GPUs": 1, "CPUs": 2}, "1646359614.322377": {"GPUs": 1, "CPUs": 2}, "1646359614.822377": {"GPUs": 1, "CPUs": 2}, "1646359620.82239": {"GPUs": 1, "CPUs": 1}, "1646359621.322374": {"GPUs": 1, "CPUs": 3}, "1646359621.822374": {"GPUs": 1, "CPUs": 3}, "1646359622.322377": {"GPUs": 1, "CPUs": 3}, "1646359622.822375": {"GPUs": 1, "CPUs": 3}, "1646359623.322376": {"GPUs": 1, "CPUs": 3}, "1646359631.822404": {"GPUs": 1, "CPUs": 1}, "1646359632.322359": {"GPUs": 1, "CPUs": 1}, "1646359632.82238": {"GPUs": 1, "CPUs": 2}, "1646359633.322375": {"GPUs": 1, "CPUs": 1}, "1646359633.822397": {"GPUs": 1, "CPUs": 1}, "1646359637.322386": {"GPUs": 1, "CPUs": 1}, "1646359637.82239": {"GPUs": 1, "CPUs": 1}, "1646359641.822375": {"GPUs": 1, "CPUs": 1}, "1646359642.322388": {"GPUs": 1, "CPUs": 1}, "1646359642.822389": {"GPUs": 1, "CPUs": 1}, "1646359643.322375": {"GPUs": 1, "CPUs": 2}, "1646359643.822376": {"GPUs": 1, "CPUs": 3}, "1646359644.322376": {"GPUs": 1, "CPUs": 2}, "1646359644.822382": {"GPUs": 1, "CPUs": 2}, "1646359645.322391": {"GPUs": 1, "CPUs": 2}, "1646359645.822393": {"GPUs": 1, "CPUs": 2}, "1646359646.322362": {"GPUs": 1, "CPUs": 2}, "1646359646.822373": {"GPUs": 1, "CPUs": 1}, "1646359647.322381": {"GPUs": 1, "CPUs": 1}, "1646359656.822376": {"GPUs": 1, "CPUs": 1}, "1646359657.322379": {"GPUs": 1, "CPUs": 1}, "1646359657.822399": {"GPUs": 1, "CPUs": 2}, "1646359658.322379": {"GPUs": 1, "CPUs": 1}, "1646359658.822373": {"GPUs": 1, "CPUs": 1}, "1646359659.322354": {"GPUs": 1, "CPUs": 1}, "1646359659.822388": {"GPUs": 1, "CPUs": 1}, "1646359660.322365": {"GPUs": 1, "CPUs": 2}, "1646359660.822387": {"GPUs": 1, "CPUs": 1}, "1646359661.322401": {"GPUs": 1, "CPUs": 2}, "1646359661.822382": {"GPUs": 1, "CPUs": 2}, "1646359662.322381": {"GPUs": 1, "CPUs": 3}, "1646359662.822396": {"GPUs": 1, "CPUs": 3}, "1646359663.322403": {"GPUs": 1, "CPUs": 1}, "1646359667.322374": {"GPUs": 1, "CPUs": 2}, "1646359674.322405": {"GPUs": 1, "CPUs": 1}, "1646359682.322387": {"GPUs": 1, "CPUs": 2}, "1646359682.822987": {"GPUs": 1, "CPUs": 2}, "1646359683.32237": {"GPUs": 1, "CPUs": 1}, "1646359684.322404": {"GPUs": 1, "CPUs": 3}, "1646359685.822391": {"GPUs": 1, "CPUs": 1}, "1646359686.322367": {"GPUs": 1, "CPUs": 2}, "1646359686.822374": {"GPUs": 1, "CPUs": 2}, "1646359687.822385": {"GPUs": 1, "CPUs": 2}, "1646359688.322358": {"GPUs": 1, "CPUs": 2}, "1646359688.822387": {"GPUs": 1, "CPUs": 2}, "1646359689.322355": {"GPUs": 1, "CPUs": 2}, "1646359689.822376": {"GPUs": 1, "CPUs": 3}, "1646359690.322372": {"GPUs": 1, "CPUs": 2}, "1646359690.822402": {"GPUs": 1, "CPUs": 2}, "1646359691.322382": {"GPUs": 1, "CPUs": 4}, "1646359691.822382": {"GPUs": 1, "CPUs": 3}, "1646359692.322388": {"GPUs": 1, "CPUs": 3}, "1646359692.822371": {"GPUs": 1, "CPUs": 3}, "1646359693.322366": {"GPUs": 1, "CPUs": 3}, "1646359693.822392": {"GPUs": 1, "CPUs": 3}, "1646359694.322359": {"GPUs": 1, "CPUs": 3}, "1646359694.822375": {"GPUs": 1, "CPUs": 3}, "1646359695.322392": {"GPUs": 1, "CPUs": 3}, "1646359695.822379": {"GPUs": 1, "CPUs": 3}, "1646359696.322366": {"GPUs": 1, "CPUs": 3}, "1646359696.822378": {"GPUs": 1, "CPUs": 2}, "1646359697.322372": {"GPUs": 1, "CPUs": 2}, "1646359697.822397": {"GPUs": 1, "CPUs": 2}, "1646359703.822387": {"GPUs": 1, "CPUs": 2}, "1646359706.3224": {"GPUs": 1, "CPUs": 2}, "1646359706.822366": {"GPUs": 1, "CPUs": 2}, "1646359707.322371": {"GPUs": 1, "CPUs": 2}, "1646359707.822381": {"GPUs": 1, "CPUs": 2}, "1646359708.322374": {"GPUs": 1, "CPUs": 2}, "1646359708.82233": {"GPUs": 1, "CPUs": 2}, "1646359709.322373": {"GPUs": 1, "CPUs": 1}, "1646359709.822359": {"GPUs": 1, "CPUs": 2}, "1646359713.322393": {"GPUs": 1, "CPUs": 1}, "1646359714.322396": {"GPUs": 1, "CPUs": 1}, "1646359719.322358": {"GPUs": 1, "CPUs": 1}, "1646359733.822401": {"GPUs": 1, "CPUs": 1}, "1646359738.322365": {"GPUs": 1, "CPUs": 1}, "1646359738.822386": {"GPUs": 1, "CPUs": 1}, "1646359745.322382": {"GPUs": 1, "CPUs": 1}, "1646359745.822364": {"GPUs": 1, "CPUs": 1}, "1646359746.322393": {"GPUs": 1, "CPUs": 1}, "1646359746.8224": {"GPUs": 1, "CPUs": 1}, "1646359747.322369": {"GPUs": 1, "CPUs": 1}, "1646359747.822372": {"GPUs": 1, "CPUs": 1}, "1646359748.322378": {"GPUs": 1, "CPUs": 1}, "1646359748.822359": {"GPUs": 1, "CPUs": 1},