{"RuleTriggered": 0, "Violations": 0, "Details": {"step_num": {"first": 1646241530324558, "last": 1646242139661419}, "job_start": 1646241328.733343, "job_end": 1646242139.74268}, "Datapoints": 443, "RuleParameters": "threshold:20"}