{"RuleTriggered": 0, "Violations": 0, "Details": {"step_num": {"first": 1646359743314308, "last": 1646360217175439}, "job_start": 1646359478.822383, "job_end": 1646360219.822668}, "Datapoints": 149, "RuleParameters": "threshold:20"}