{"RuleTriggered": 0, "Violations": 0, "Details": {"ratio": {"cpu_functions": 100.0}, "phase": {"Step:ModeKeys.TRAIN": 81.78001315376679, "others": 14.05090054266099, "Step:ModeKeys.EVAL": 4.169086303572221}, "phase_time": {}, "CPU": {"aten::conv2d": 16.964574642940878, "aten::convolution": 16.961183456423484, "aten::_convolution": 16.95802886431428, "aten::mkldnn_convolution": 16.95018054442968, "aten::batch_norm": 5.773458157490263, "aten::_batch_norm_impl_index": 5.766897114708296, "aten::native_batch_norm": 5.761498691760124, "aten::max_pool2d": 2.9143368477524656, "aten::max_pool2d_with_indices": 2.8596530111497533, "enumerate(DataLoader)#_SingleProcessDataLoaderIter.__next__": 9.090188669030779}, "CPU_total": {"aten::conv2d": 6668397, "aten::convolution": 6667064, "aten::_convolution": 6665824, "aten::mkldnn_convolution": 6662739, "aten::batch_norm": 2269418, "aten::_batch_norm_impl_index": 2266839, "aten::native_batch_norm": 2264717, "aten::max_pool2d": 1145561, "aten::max_pool2d_with_indices": 1124066, "enumerate(DataLoader)#_SingleProcessDataLoaderIter.__next__": 3573151}, "general": {"DataLoaderIterInitialize": 0.004728705049747201, "DataLoaderIter": 0.8236094036571069, "Forward": 99.17166189129316}}, "Datapoints": 0, "RuleParameters": ""}