{"RuleTriggered": 0, "Violations": 0, "Details": {"ratio": {"gpu_functions-dev:0": 51.21155745103864, "cpu_functions": 48.788442548961356}, "phase": {"Step:ModeKeys.TRAIN": 16.956075856701972, "others": 79.39691612730046, "Step:ModeKeys.EVAL": 3.6470080159975717}, "phase_time": {}, "CPU": {"aten::conv2d": 10.813748372652942, "aten::convolution": 10.81080278468556, "aten::_convolution": 10.808630380117426, "aten::cudnn_convolution": 10.805361071764892, "aten::to": 4.464845190156498, "aten::copy_": 5.966538575504296, "enumerate(DataLoader)#_SingleProcessDataLoaderIter.__next__": 46.330073625118395}, "CPU_total": {"aten::conv2d": 8083912, "aten::convolution": 8081710, "aten::_convolution": 8080086, "aten::cudnn_convolution": 8077642, "aten::to": 3337734, "aten::copy_": 4460338, "enumerate(DataLoader)#_SingleProcessDataLoaderIter.__next__": 34634451}, "GPU": {"aten::conv2d": 11.999035646633374, "aten::convolution": 11.997864002356165, "aten::_convolution": 11.996863598396393, "aten::cudnn_convolution": 11.995572214649094, "aten::to": 4.127456872063848, "aten::copy_": 5.512021102472202, "enumerate(DataLoader)#_SingleProcessDataLoaderIter.__next__": 42.37118656342893}, "GPU_total": {"aten::conv2d": 9319486, "aten::convolution": 9318576, "aten::_convolution": 9317799, "aten::cudnn_convolution": 9316796, "aten::to": 3205739, "aten::copy_": 4281111, "enumerate(DataLoader)#_SingleProcessDataLoaderIter.__next__": 32909118}, "general": {"DataLoaderIterInitialize": 0.005887106544200114, "DataLoaderIter": 38.542818876986836, "Forward": 61.45129401646897}}, "Datapoints": 0, "RuleParameters": ""}