{"RuleTriggered": 0, "Violations": 0, "Details": {"step_details": {"algo-1-26": {"step_stats": {"mean": 0.33717365413533834, "max": 19.447074, "p99": 2.886510480000001, "p95": 2.4235628, "p50": 0.009983, "min": 0.008882}, "number_of_outliers": 1, "phase": "Step:ModeKeys.TRAIN", "stddev": 1.78, "probs": [122, 0, 0, 0, 0, 0, 0, 0, 0, 0, 0, 0, 0, 0, 0, 0, 0, 0, 0, 0, 0, 0, 0, 0, 0, 0, 0, 0, 0, 0, 0, 0, 0, 0, 0, 0, 1, 0, 0, 0, 0, 0, 0, 0, 0, 0, 0, 0, 0, 0, 0, 0, 0, 0, 0, 0, 0, 0, 0, 0, 0, 0, 0, 0, 0, 0, 0, 0, 0, 0, 0, 0, 0, 0, 0, 0, 0, 0, 0, 0, 0, 2, 2, 0, 1, 1, 0, 0, 0, 0, 0, 0, 0, 0, 1, 1, 0, 0, 0, 1], "binedges": [0.008882, 0.03805488, 0.06722776, 0.09640064000000001, 0.12557352, 0.1547464, 0.18391928000000002, 0.21309216, 0.24226504000000001, 0.27143792, 0.3006108, 0.32978368, 0.35895656000000004, 0.38812944000000005, 0.41730232, 0.4464752, 0.47564808000000003, 0.50482096, 0.5339938399999999, 0.56316672, 0.5923396, 0.62151248, 0.65068536, 0.67985824, 0.70903112, 0.738204, 0.76737688, 0.79654976, 0.82572264, 0.85489552, 0.8840684, 0.91324128, 0.94241416, 0.97158704, 1.0007599200000001, 1.0299328, 1.05910568, 1.0882785600000002, 1.1174514400000002, 1.1466243200000001, 1.1757972, 1.20497008, 1.2341429600000002, 1.2633158400000002, 1.2924887200000001, 1.3216616, 1.35083448, 1.3800073600000002, 1.4091802400000002, 1.4383531200000002, 1.467526, 1.49669888, 1.5258717600000002, 1.5550446400000002, 1.5842175200000002, 1.6133904000000001, 1.64256328, 1.6717361600000002, 1.7009090400000002, 1.7300819200000002, 1.7592548000000001, 1.78842768, 1.8176005600000003, 1.8467734400000002, 1.8759463200000002, 1.9051192000000001, 1.93429208, 1.9634649600000003, 1.9926378400000002, 2.02181072, 2.0509836, 2.08015648, 2.10932936, 2.1385022399999998, 2.16767512, 2.196848, 2.22602088, 2.25519376, 2.28436664, 2.31353952, 2.3427124, 2.37188528, 2.40105816, 2.43023104, 2.45940392, 2.4885768, 2.51774968, 2.54692256, 2.57609544, 2.60526832, 2.6344412, 2.66361408, 2.69278696, 2.72195984, 2.75113272, 2.7803056, 2.80947848, 2.83865136, 2.86782424, 2.89699712, 2.92617], "step_numbers": ["0"]}}}, "Datapoints": 149, "RuleParameters": "threshold:3\nmode:None\nn_outliers:10\nstddev:3"}