{"RuleTriggered": 0, "Violations": 0, "Details": {"step_details": {"algo-1-27": {"step_stats": {"mean": 1.0585344759615383, "max": 5.254482, "p99": 4.78084575, "p95": 1.20665075, "p50": 0.94153, "min": 0.76085}, "number_of_outliers": 10, "phase": "Step:ModeKeys.TRAIN", "stddev": 0.6, "probs": [1, 0, 0, 0, 0, 0, 0, 12, 119, 98, 79, 27, 18, 7, 3, 5, 4, 2, 3, 7, 7, 0, 1, 2, 0, 1, 1, 1, 1, 2, 1, 1, 0, 1, 0, 1, 0, 0, 0, 0, 0, 0, 0, 0, 0, 0, 0, 0, 0, 0, 0, 0, 0, 0, 0, 0, 0, 0, 0, 0, 0, 0, 0, 0, 0, 0, 0, 0, 0, 0, 0, 0, 0, 0, 0, 0, 0, 0, 0, 0, 0, 0, 0, 0, 0, 0, 0, 0, 0, 0, 0, 0, 0, 0, 0, 0, 0, 0, 0, 1], "binedges": [0.76085, 0.7792561100000001, 0.79766222, 0.81606833, 0.83447444, 0.8528805500000001, 0.87128666, 0.88969277, 0.90809888, 0.92650499, 0.9449111, 0.96331721, 0.98172332, 1.00012943, 1.01853554, 1.0369416500000002, 1.05534776, 1.07375387, 1.09215998, 1.11056609, 1.1289722, 1.1473783100000001, 1.16578442, 1.18419053, 1.2025966399999999, 1.22100275, 1.23940886, 1.25781497, 1.27622108, 1.29462719, 1.3130333, 1.33143941, 1.3498455200000001, 1.36825163, 1.38665774, 1.40506385, 1.42346996, 1.4418760700000002, 1.46028218, 1.47868829, 1.4970944, 1.5155005099999999, 1.53390662, 1.5523127300000001, 1.57071884, 1.58912495, 1.60753106, 1.62593717, 1.64434328, 1.66274939, 1.6811555, 1.69956161, 1.7179677199999999, 1.73637383, 1.7547799400000001, 1.77318605, 1.79159216, 1.80999827, 1.82840438, 1.84681049, 1.8652166000000001, 1.88362271, 1.90202882, 1.92043493, 1.93884104, 1.95724715, 1.97565326, 1.99405937, 2.01246548, 2.0308715900000003, 2.0492777, 2.06768381, 2.08608992, 2.10449603, 2.12290214, 2.14130825, 2.1597143599999997, 2.17812047, 2.19652658, 2.21493269, 2.2333388000000003, 2.25174491, 2.27015102, 2.28855713, 2.30696324, 2.32536935, 2.34377546, 2.3621815699999997, 2.38058768, 2.39899379, 2.4173999, 2.4358060100000003, 2.45421212, 2.47261823, 2.49102434, 2.50943045, 2.52783656, 2.54624267, 2.5646487799999997, 2.58305489, 2.601461], "step_numbers": ["1", "2", "2", "3", "4", "5", "6", "7", "8", "9"]}}}, "Datapoints": 443, "RuleParameters": "threshold:3\nmode:None\nn_outliers:10\nstddev:3"}