{"RuleTriggered": 6, "Violations": 6, "Details": {"algo-1": {"cpu": {"p25": 48.0625, "p50": 52.02, "p75": 61.24375, "p95": 84.62662499999999, "upper": 81.015625, "lower": 28.290625000000002}, "gpu0": {"p25": 0.0, "p50": 0.0, "p75": 0.0, "p95": 0.0, "upper": 0.0, "lower": 0.0}, "gpu0_memory": {"p25": 0.0, "p50": 0.0, "p75": 0.0, "p95": 0.0, "upper": 0.0, "lower": 0.0}}, "last_timestamp": 1646241300000000}, "Datapoints": 1622, "RuleParameters": "cpu_threshold_p95:70\ngpu_threshold_p95:70\ngpu_memory_threshold_p95:70\npatience:1000\nwindow:500"}